{"number of frames": 13091, "number of frames per second": 0.05, "ellipse average": [[78.37303662521096, 45.302651670602685], [6.202898224620278, 5.766406198679218], 0.03679060470599207], "average heartbeat": 84.64094209112217, "blinks": 12, "Average Velocity (X)": -2.5105119578995136e-18, "Average Velocity (Y)": 3.0533253542021113e-19}