{"number of frames": 9175, "number of frames per second": 0.05, "ellipse average": [[49.998051765656115, 16.18707789149481], [3.9044795080120926, 3.897199285581039], 0.011350660462896118], "average heartbeat": 122.01175922691814, "blinks": 138}