{"number of frames": 12259, "number of frames per second": 0.05, "ellipse average": [[113.21287913745871, 30.879794902560462], [14.946151758438663, 13.81561948510519], 0.10301349641064571], "average heartbeat": 0.0, "blinks": 91, "Average Velocity (X)": -0.0003148963941915484, "Average Velocity (Y)": -8.157937673356166e-05}