{"number of frames": 338, "number of frames per second": 0.05, "ellipse average": [[79.14252611590858, 47.884269659765486], [6.276295607983175, 6.303312367871734], 0.009692402666903329], "average heartbeat": 122.01175922691814, "blinks": 0}