{"number of frames": 9130, "number of frames per second": 0.05, "ellipse average": [[87.87652644643107, 57.81678161971887], [8.227182720414929, 9.098414878888994], -0.015647345890641533], "average heartbeat": 122.01175922691814, "blinks": 163}