{"number of frames": 338, "number of frames per second": 0.05, "ellipse average": [[79.14343224762007, 47.88456832532342], [6.276552165603415, 6.303662157944429], 0.00911765611776537], "average heartbeat": 122.01175922691814, "blinks": 0}