{"number of frames": 338, "number of frames per second": 0.05, "ellipse average": [[85.6535934105956, 52.04261660941719], [7.260602756383768, 7.385411889948125], 0.01998870456884151], "average heartbeat": 122.01175922691814, "blinks": 0, "Average Velocity (X)": -0.0002967359050445146, "Average Velocity (Y)": 5.934718100890213e-05}